iter,train_loss
0,4.237669944763184
1,4.187534332275391
2,4.092588901519775
3,3.9770519733428955
4,3.830376386642456
5,3.731346368789673
6,3.639388084411621
7,3.568796396255493
8,3.470628261566162
9,3.4200334548950195
10,3.365196466445923
11,3.361771821975708
12,3.2929258346557617
13,3.2659859657287598
14,3.2424004077911377
15,3.2402727603912354
16,3.1798512935638428
17,3.119237184524536
18,3.0504298210144043
19,3.021564483642578
20,3.0223307609558105
21,2.9602296352386475
22,2.9276695251464844
23,2.904049873352051
24,2.891568660736084
25,2.837445020675659
26,2.8192226886749268
27,2.763166904449463
28,2.8480420112609863
29,2.806866407394409
30,2.794229507446289
31,2.7610487937927246
32,2.774240732192993
33,2.7784557342529297
34,2.747836112976074
35,2.7122929096221924
36,2.7176945209503174
37,2.7051875591278076
38,2.6764824390411377
39,2.6687209606170654
40,2.6597824096679688
41,2.6915392875671387
42,2.6690237522125244
43,2.6373250484466553
44,2.683065414428711
45,2.6796693801879883
46,2.6548242568969727
47,2.6336755752563477
48,2.625138998031616
49,2.6385481357574463
50,2.601623296737671
51,2.6480331420898438
52,2.609163284301758
53,2.5893678665161133
54,2.5775864124298096
55,2.5621337890625
56,2.56963849067688
57,2.5783207416534424
58,2.561906576156616
59,2.5783801078796387
60,2.644615411758423
61,2.627014398574829
62,2.5693702697753906
63,2.622716188430786
64,2.5719668865203857
65,2.5626277923583984
66,2.6371049880981445
67,2.6279215812683105
68,2.639540672302246
69,2.6170506477355957
70,2.589571237564087
71,2.573949098587036
72,2.600144624710083
73,2.5583157539367676
74,2.5619122982025146
75,2.554840326309204
76,2.577281951904297
77,2.558361291885376
78,2.5892584323883057
79,2.556157112121582
80,2.569790840148926
81,2.596606969833374
82,2.559603691101074
83,2.537234306335449
84,2.567711114883423
85,2.55509352684021
86,2.5376031398773193
87,2.5262510776519775
88,2.490274429321289
89,2.5340466499328613
90,2.5579190254211426
91,2.5250771045684814
92,2.5153517723083496
93,2.5447895526885986
94,2.5917584896087646
95,2.57527494430542
96,2.5327889919281006
97,2.564650774002075
98,2.5643508434295654
99,2.523293972015381
100,2.513396739959717
101,2.5135655403137207
102,2.557856798171997
103,2.5442581176757812
104,2.5067338943481445
105,2.5538876056671143
106,2.5640363693237305
107,2.539235830307007
108,2.515589475631714
109,2.520684003829956
110,2.540350914001465
111,2.508962631225586
112,2.5486273765563965
113,2.512111186981201
114,2.517667293548584
115,2.5045578479766846
116,2.471012830734253
117,2.480952262878418
118,2.5028791427612305
119,2.477851390838623
120,2.4892377853393555
121,2.5626487731933594
122,2.551788806915283
123,2.502148151397705
124,2.531278371810913
125,2.5302038192749023
126,2.4958930015563965
127,2.5267179012298584
128,2.579242706298828
129,2.556493043899536
130,2.567552089691162
131,2.531857967376709
132,2.5279722213745117
133,2.527047872543335
134,2.5095036029815674
135,2.510687828063965
136,2.504796028137207
137,2.502115488052368
138,2.507072925567627
139,2.522848606109619
140,2.513390064239502
141,2.5177435874938965
142,2.5384743213653564
143,2.5072882175445557
144,2.4867501258850098
145,2.5260684490203857
146,2.4869463443756104
147,2.5029311180114746
148,2.4751272201538086
149,2.454331159591675
150,2.4641709327697754
151,2.4906821250915527
152,2.475003719329834
153,2.4754226207733154
154,2.4623029232025146
155,2.54972767829895
156,2.528925657272339
157,2.502469778060913
158,2.518509864807129
159,2.525847911834717
160,2.4749579429626465
161,2.4921231269836426
162,2.473949909210205
163,2.51228928565979
164,2.5091798305511475
165,2.4739716053009033
166,2.4909379482269287
167,2.528951406478882
168,2.513847827911377
169,2.478496551513672
170,2.480394124984741
171,2.501426935195923
172,2.4915785789489746
173,2.50069260597229
174,2.4715330600738525
175,2.494741439819336
176,2.466642379760742
177,2.4547407627105713
178,2.432633876800537
179,2.4768526554107666
180,2.4511945247650146
181,2.47623610496521
182,2.47988224029541
183,2.492166519165039
184,2.478299140930176
185,2.471895694732666
186,2.4746909141540527
187,2.4511330127716064
188,2.4627275466918945
189,2.51530122756958
190,2.489575147628784
191,2.5335299968719482
192,2.5033247470855713
193,2.4948811531066895
194,2.4852895736694336
195,2.469594717025757
196,2.4720516204833984
197,2.479546546936035
198,2.444009780883789
199,2.456212043762207
200,2.4944069385528564
201,2.4951248168945312
202,2.4680910110473633
203,2.4971094131469727
204,2.5044803619384766
205,2.4561593532562256
206,2.483106851577759
207,2.4617207050323486
208,2.4443085193634033
209,2.441624402999878
210,2.4377565383911133
211,2.4191927909851074
212,2.4737915992736816
213,2.4526169300079346
214,2.444481134414673
215,2.4367082118988037
216,2.4786858558654785
217,2.496959924697876
218,2.4748997688293457
219,2.487567186355591
220,2.500901222229004
221,2.4735851287841797
222,2.45778226852417
223,2.4668376445770264
224,2.4728848934173584
225,2.479372501373291
226,2.45517897605896
227,2.4539852142333984
228,2.5062828063964844
229,2.485327959060669
230,2.461833953857422
231,2.4534316062927246
232,2.4820032119750977
233,2.476863384246826
234,2.4658567905426025
235,2.4845221042633057
236,2.4819562435150146
237,2.4425058364868164
238,2.4540903568267822
239,2.412477970123291
240,2.438620090484619
241,2.454012393951416
242,2.4485421180725098
243,2.4620766639709473
244,2.4671099185943604
245,2.4624767303466797
246,2.45086669921875
247,2.4734036922454834
248,2.4330296516418457
249,2.4396328926086426
250,2.499638557434082
251,2.4582502841949463
252,2.501037359237671
253,2.501852512359619
254,2.4752488136291504
255,2.4615354537963867
256,2.4674465656280518
257,2.4587833881378174
258,2.4447243213653564
259,2.431387424468994
260,2.450187921524048
261,2.4568982124328613
262,2.4990053176879883
263,2.4397599697113037
264,2.4770054817199707
265,2.5134689807891846
266,2.4482743740081787
267,2.4386661052703857
268,2.4660472869873047
269,2.436638593673706
270,2.423959493637085
271,2.4321117401123047
272,2.40327787399292
273,2.43591570854187
274,2.44245982170105
275,2.4431312084198
276,2.420403480529785
277,2.4546399116516113
278,2.482475996017456
279,2.4821581840515137
280,2.4558043479919434
281,2.499748945236206
282,2.466265916824341
283,2.4442505836486816
284,2.451254367828369
285,2.452493190765381
286,2.4720919132232666
287,2.4627318382263184
288,2.426344871520996
289,2.482879638671875
290,2.486290216445923
291,2.452853202819824
292,2.4350197315216064
293,2.4701955318450928
294,2.4751174449920654
295,2.4427988529205322
296,2.4891226291656494
297,2.45373797416687
298,2.443455457687378
299,2.4306280612945557
300,2.419858932495117
301,2.418242931365967
302,2.4445364475250244
303,2.436750888824463
304,2.4453866481781006
305,2.447308301925659
306,2.454026222229004
307,2.4387574195861816
308,2.469601631164551
309,2.4149887561798096
310,2.4230728149414062
311,2.4586851596832275
312,2.457127809524536
313,2.462197780609131
314,2.505277395248413
315,2.471436023712158
316,2.4394917488098145
317,2.462923288345337
318,2.4381394386291504
319,2.4417636394500732
320,2.4271106719970703
321,2.4278476238250732
322,2.44213604927063
323,2.4573895931243896
324,2.447138786315918
325,2.4634976387023926
326,2.49104905128479
327,2.442997932434082
328,2.409904956817627
329,2.4643380641937256
330,2.42805552482605
331,2.4229369163513184
332,2.4255504608154297
333,2.3863155841827393
334,2.4005887508392334
335,2.440540313720703
336,2.4162449836730957
337,2.409928798675537
338,2.4232969284057617
339,2.472553253173828
340,2.4795215129852295
341,2.440598249435425
342,2.478645086288452
343,2.4724674224853516
344,2.428258180618286
345,2.432337760925293
346,2.436864137649536
347,2.457634925842285
348,2.458911657333374
349,2.3976547718048096
350,2.4623286724090576
351,2.4748456478118896
352,2.4412171840667725
353,2.421318292617798
354,2.4438893795013428
355,2.4716906547546387
356,2.4323949813842773
357,2.466987133026123
358,2.4313864707946777
359,2.446052312850952
360,2.4132819175720215
361,2.406893014907837
362,2.402987480163574
363,2.4312431812286377
364,2.41945743560791
365,2.420153856277466
366,2.451195001602173
367,2.4426846504211426
368,2.424952745437622
369,2.435419797897339
370,2.4112329483032227
371,2.4061803817749023
372,2.4250149726867676
373,2.4543209075927734
374,2.4265360832214355
375,2.496884346008301
376,2.4467296600341797
377,2.4440338611602783
378,2.436781167984009
379,2.419149160385132
380,2.4328577518463135
381,2.4207334518432617
382,2.3968634605407715
383,2.432191848754883
384,2.438312292098999
385,2.434340715408325
386,2.43778920173645
387,2.4720470905303955
388,2.4447529315948486
389,2.3938424587249756
390,2.454916000366211
391,2.411761522293091
392,2.404574155807495
393,2.404407024383545
394,2.3807566165924072
395,2.381807804107666
396,2.4192090034484863
397,2.3957724571228027
398,2.391906261444092
399,2.385988235473633
400,2.466822385787964
401,2.4456353187561035
402,2.438019275665283
403,2.4537978172302246
404,2.455744981765747
405,2.4133126735687256
406,2.424304723739624
407,2.4220972061157227
408,2.4431259632110596
409,2.4297122955322266
410,2.402076244354248
411,2.4111530780792236
412,2.4603195190429688
413,2.4417479038238525
414,2.396117925643921
415,2.4063875675201416
416,2.442389965057373
417,2.4271926879882812
418,2.4369614124298096
419,2.4188263416290283
420,2.435391902923584
421,2.401393175125122
422,2.4008536338806152
423,2.372769355773926
424,2.4028611183166504
425,2.3878512382507324
426,2.4091548919677734
427,2.4134879112243652
428,2.425265073776245
429,2.4200141429901123
430,2.397819995880127
431,2.395469903945923
432,2.381192445755005
433,2.3842039108276367
434,2.4290432929992676
435,2.398085594177246
436,2.4633188247680664
437,2.4228692054748535
438,2.423887014389038
439,2.4071764945983887
440,2.40334153175354
441,2.401986598968506
442,2.4060938358306885
443,2.3649115562438965
444,2.374544620513916
445,2.428006649017334
446,2.429877758026123
447,2.398541212081909
448,2.4292283058166504
449,2.454707384109497
450,2.3731744289398193
451,2.400635242462158
452,2.4093973636627197
453,2.370835065841675
454,2.3819727897644043
455,2.367716073989868
456,2.3428213596343994
457,2.380680799484253
458,2.3646743297576904
459,2.365082263946533
460,2.3513009548187256
461,2.407957077026367
462,2.430567979812622
463,2.403043270111084
464,2.4133095741271973
465,2.4307379722595215
466,2.4074082374572754
467,2.3928415775299072
468,2.3939297199249268
469,2.400587558746338
470,2.4003875255584717
471,2.3833365440368652
472,2.3605072498321533
473,2.428170919418335
474,2.409367084503174
475,2.374512195587158
476,2.3622920513153076
477,2.4115684032440186
478,2.4004640579223633
479,2.3779406547546387
480,2.4048314094543457
481,2.4041430950164795
482,2.354175090789795
483,2.3703536987304688
484,2.325667381286621
485,2.354743480682373
486,2.374465227127075
487,2.361131191253662
488,2.3766520023345947
489,2.375735282897949
490,2.3682861328125
491,2.359112501144409
492,2.3699910640716553
493,2.321946144104004
494,2.3457794189453125
495,2.3755581378936768
496,2.339721918106079
497,2.3803555965423584
498,2.4067766666412354
499,2.384849786758423
500,2.3504698276519775
